"customer_id","txn_month","closing_balance"
1,"2020-01",312
1,"2020-02",312
1,"2020-03",-640
1,"2020-04",-640
2,"2020-01",549
2,"2020-02",549
2,"2020-03",610
2,"2020-04",610
3,"2020-01",144
3,"2020-02",-821
3,"2020-03",-1222
3,"2020-04",-729
4,"2020-01",848
4,"2020-02",848
4,"2020-03",655
4,"2020-04",655
5,"2020-01",954
5,"2020-02",954
5,"2020-03",-1923
5,"2020-04",-2413
6,"2020-01",733
6,"2020-02",-52
6,"2020-03",340
6,"2020-04",340
7,"2020-01",964
7,"2020-02",3173
7,"2020-03",2533
7,"2020-04",2623
8,"2020-01",587
8,"2020-02",407
8,"2020-03",-57
8,"2020-04",-1029
9,"2020-01",849
9,"2020-02",654
9,"2020-03",1584
9,"2020-04",862
10,"2020-01",-1622
10,"2020-02",-1342
10,"2020-03",-2753
10,"2020-04",-5090
11,"2020-01",-1744
11,"2020-02",-2469
11,"2020-03",-2088
11,"2020-04",-2416
12,"2020-01",92
12,"2020-02",92
12,"2020-03",295
12,"2020-04",295
13,"2020-01",780
13,"2020-02",1279
13,"2020-03",1405
13,"2020-04",1405
14,"2020-01",205
14,"2020-02",821
14,"2020-03",821
14,"2020-04",989
15,"2020-01",379
15,"2020-02",379
15,"2020-03",379
15,"2020-04",1102
16,"2020-01",-1341
16,"2020-02",-2893
16,"2020-03",-4284
16,"2020-04",-3422
17,"2020-01",465
17,"2020-02",-892
17,"2020-03",-892
17,"2020-04",-892
18,"2020-01",757
18,"2020-02",-424
18,"2020-03",-842
18,"2020-04",-815
19,"2020-01",-12
19,"2020-02",-251
19,"2020-03",-301
19,"2020-04",42
20,"2020-01",465
20,"2020-02",519
20,"2020-03",776
20,"2020-04",776
21,"2020-01",-204
21,"2020-02",-764
21,"2020-03",-1874
21,"2020-04",-3253
22,"2020-01",235
22,"2020-02",-1039
22,"2020-03",-149
22,"2020-04",-1358
23,"2020-01",94
23,"2020-02",-314
23,"2020-03",-156
23,"2020-04",-678
24,"2020-01",615
24,"2020-02",813
24,"2020-03",254
24,"2020-04",254
25,"2020-01",174
25,"2020-02",-400
25,"2020-03",-1220
25,"2020-04",-304
26,"2020-01",638
26,"2020-02",-31
26,"2020-03",-622
26,"2020-04",-1870
27,"2020-01",-1189
27,"2020-02",-713
27,"2020-03",-3116
27,"2020-04",-3116
28,"2020-01",451
28,"2020-02",-818
28,"2020-03",-1228
28,"2020-04",272
29,"2020-01",-138
29,"2020-02",-76
29,"2020-03",831
29,"2020-04",-548
30,"2020-01",33
30,"2020-02",-431
30,"2020-03",-431
30,"2020-04",508
31,"2020-01",83
31,"2020-02",83
31,"2020-03",-141
31,"2020-04",-141
32,"2020-01",-89
32,"2020-02",376
32,"2020-03",-843
32,"2020-04",-1001
33,"2020-01",473
33,"2020-02",-116
33,"2020-03",1225
33,"2020-04",989
34,"2020-01",976
34,"2020-02",-347
34,"2020-03",-185
34,"2020-04",-185
35,"2020-01",507
35,"2020-02",-821
35,"2020-03",-1163
35,"2020-04",-1163
36,"2020-01",149
36,"2020-02",290
36,"2020-03",1041
36,"2020-04",427
37,"2020-01",85
37,"2020-02",902
37,"2020-03",-1069
37,"2020-04",-959
38,"2020-01",367
38,"2020-02",-465
38,"2020-03",-798
38,"2020-04",-1246
39,"2020-01",1429
39,"2020-02",2388
39,"2020-03",2460
39,"2020-04",2516
40,"2020-01",347
40,"2020-02",295
40,"2020-03",659
40,"2020-04",-208
41,"2020-01",-46
41,"2020-02",1379
41,"2020-03",3441
41,"2020-04",2525
42,"2020-01",447
42,"2020-02",1067
42,"2020-03",-887
42,"2020-04",-1886
43,"2020-01",-201
43,"2020-02",-406
43,"2020-03",869
43,"2020-04",545
44,"2020-01",-690
44,"2020-02",-19
44,"2020-03",-19
44,"2020-04",-339
45,"2020-01",940
45,"2020-02",-1152
45,"2020-03",584
45,"2020-04",584
46,"2020-01",522
46,"2020-02",1388
46,"2020-03",80
46,"2020-04",104
47,"2020-01",-1153
47,"2020-02",-1283
47,"2020-03",-2862
47,"2020-04",-3169
48,"2020-01",-2368
48,"2020-02",-2972
48,"2020-03",-3745
48,"2020-04",-3745
49,"2020-01",-397
49,"2020-02",-594
49,"2020-03",-2556
49,"2020-04",-2556
50,"2020-01",931
50,"2020-02",-674
50,"2020-03",275
50,"2020-04",450
51,"2020-01",301
51,"2020-02",-97
51,"2020-03",779
51,"2020-04",1364
52,"2020-01",1140
52,"2020-02",2612
52,"2020-03",2612
52,"2020-04",2612
53,"2020-01",22
53,"2020-02",210
53,"2020-03",-728
53,"2020-04",227
54,"2020-01",1658
54,"2020-02",1629
54,"2020-03",533
54,"2020-04",968
55,"2020-01",380
55,"2020-02",-410
55,"2020-03",349
55,"2020-04",-513
56,"2020-01",-67
56,"2020-02",-1646
56,"2020-03",-2075
56,"2020-04",-3866
57,"2020-01",414
57,"2020-02",-101
57,"2020-03",-866
57,"2020-04",-866
58,"2020-01",383
58,"2020-02",1697
58,"2020-03",-1196
58,"2020-04",-635
59,"2020-01",924
59,"2020-02",2190
59,"2020-03",1652
59,"2020-04",798
60,"2020-01",-189
60,"2020-02",668
60,"2020-03",-745
60,"2020-04",-1169
61,"2020-01",222
61,"2020-02",323
61,"2020-03",-1710
61,"2020-04",-2237
62,"2020-01",-212
62,"2020-02",-212
62,"2020-03",-763
62,"2020-04",-763
63,"2020-01",-332
63,"2020-02",-953
63,"2020-03",-3946
63,"2020-04",-3946
64,"2020-01",2332
64,"2020-02",1554
64,"2020-03",245
64,"2020-04",245
65,"2020-01",25
65,"2020-02",25
65,"2020-03",-450
65,"2020-04",-1381
66,"2020-01",1971
66,"2020-02",1492
66,"2020-03",-517
66,"2020-04",-517
67,"2020-01",1593
67,"2020-02",2565
67,"2020-03",2050
67,"2020-04",1222
68,"2020-01",574
68,"2020-02",278
68,"2020-03",-456
68,"2020-04",-456
69,"2020-01",23
69,"2020-02",-1944
69,"2020-03",-2338
69,"2020-04",-3085
70,"2020-01",-584
70,"2020-02",-63
70,"2020-03",-1814
70,"2020-04",-1814
71,"2020-01",128
71,"2020-02",-673
71,"2020-03",-1265
71,"2020-04",-1265
72,"2020-01",796
72,"2020-02",-803
72,"2020-03",-1680
72,"2020-04",-2327
73,"2020-01",513
73,"2020-02",513
73,"2020-03",513
73,"2020-04",513
74,"2020-01",229
74,"2020-02",229
74,"2020-03",318
74,"2020-04",318
75,"2020-01",234
75,"2020-02",294
75,"2020-03",294
75,"2020-04",294
76,"2020-01",925
76,"2020-02",2081
76,"2020-03",435
76,"2020-04",435
77,"2020-01",120
77,"2020-02",501
77,"2020-03",797
77,"2020-04",797
78,"2020-01",694
78,"2020-02",-762
78,"2020-03",-717
78,"2020-04",-976
79,"2020-01",521
79,"2020-02",1380
79,"2020-03",1380
79,"2020-04",1380
80,"2020-01",795
80,"2020-02",1190
80,"2020-03",622
80,"2020-04",199
81,"2020-01",403
81,"2020-02",-957
81,"2020-03",-1106
81,"2020-04",-1984
82,"2020-01",-3912
82,"2020-02",-3986
82,"2020-03",-3249
82,"2020-04",-4614
83,"2020-01",1099
83,"2020-02",-692
83,"2020-03",-742
83,"2020-04",-377
84,"2020-01",968
84,"2020-02",968
84,"2020-03",609
84,"2020-04",609
85,"2020-01",467
85,"2020-02",467
85,"2020-03",1076
85,"2020-04",646
86,"2020-01",872
86,"2020-02",-504
86,"2020-03",93
86,"2020-04",93
87,"2020-01",-365
87,"2020-02",-1366
87,"2020-03",-1563
87,"2020-04",-1195
88,"2020-01",-35
88,"2020-02",752
88,"2020-03",-736
88,"2020-04",-820
89,"2020-01",210
89,"2020-02",-1679
89,"2020-03",-2653
89,"2020-04",-3147
90,"2020-01",1772
90,"2020-02",-1235
90,"2020-03",-1624
90,"2020-04",-1846
91,"2020-01",-47
91,"2020-02",-959
91,"2020-03",-2660
91,"2020-04",-2495
92,"2020-01",985
92,"2020-02",985
92,"2020-03",142
92,"2020-04",142
93,"2020-01",399
93,"2020-02",1103
93,"2020-03",1186
93,"2020-04",968
94,"2020-01",-766
94,"2020-02",-1496
94,"2020-03",-1542
94,"2020-04",-1542
95,"2020-01",217
95,"2020-02",960
95,"2020-03",1446
95,"2020-04",1446
96,"2020-01",1048
96,"2020-02",1537
96,"2020-03",942
96,"2020-04",942
97,"2020-01",623
97,"2020-02",-240
97,"2020-03",-2483
97,"2020-04",-2483
98,"2020-01",622
98,"2020-02",287
98,"2020-03",-95
98,"2020-04",750
99,"2020-01",949
99,"2020-02",760
99,"2020-03",737
99,"2020-04",737
100,"2020-01",1081
100,"2020-02",-497
100,"2020-03",-1451
100,"2020-04",-1451
101,"2020-01",-484
101,"2020-02",-1324
101,"2020-03",-2673
101,"2020-04",-2673
102,"2020-01",917
102,"2020-02",1428
102,"2020-03",1865
102,"2020-04",646
103,"2020-01",240
103,"2020-02",-850
103,"2020-03",-2257
103,"2020-04",-2257
104,"2020-01",615
104,"2020-02",1087
104,"2020-03",1190
104,"2020-04",1190
105,"2020-01",1014
105,"2020-02",166
105,"2020-03",27
105,"2020-04",-186
106,"2020-01",-109
106,"2020-02",846
106,"2020-03",-111
106,"2020-04",-1462
107,"2020-01",-144
107,"2020-02",-690
107,"2020-03",-690
107,"2020-04",-690
108,"2020-01",530
108,"2020-02",738
108,"2020-03",1546
108,"2020-04",2680
109,"2020-01",429
109,"2020-02",2491
109,"2020-03",2491
109,"2020-04",2491
110,"2020-01",1258
110,"2020-02",1198
110,"2020-03",2233
110,"2020-04",2233
111,"2020-01",101
111,"2020-02",463
111,"2020-03",99
111,"2020-04",99
112,"2020-01",945
112,"2020-02",893
112,"2020-03",-116
112,"2020-04",-116
113,"2020-01",-511
113,"2020-02",62
113,"2020-03",12
113,"2020-04",-1140
114,"2020-01",743
114,"2020-02",743
114,"2020-03",169
114,"2020-04",1143
115,"2020-01",144
115,"2020-02",-845
115,"2020-03",884
115,"2020-04",-41
116,"2020-01",167
116,"2020-02",53
116,"2020-03",543
116,"2020-04",330
117,"2020-01",-25
117,"2020-02",-216
117,"2020-03",-706
117,"2020-04",-706
118,"2020-01",-683
118,"2020-02",-513
118,"2020-03",-1427
118,"2020-04",-1427
119,"2020-01",62
119,"2020-02",62
119,"2020-03",-907
119,"2020-04",-490
120,"2020-01",824
120,"2020-02",1913
120,"2020-03",-900
120,"2020-04",-1465
121,"2020-01",1992
121,"2020-02",1296
121,"2020-03",-425
121,"2020-04",-425
122,"2020-01",314
122,"2020-02",252
122,"2020-03",1347
122,"2020-04",1066
123,"2020-01",-717
123,"2020-02",-2277
123,"2020-03",-1584
123,"2020-04",-2128
124,"2020-01",731
124,"2020-02",1878
124,"2020-03",1301
124,"2020-04",1301
125,"2020-01",-791
125,"2020-02",-2479
125,"2020-03",-2436
125,"2020-04",-2436
126,"2020-01",-786
126,"2020-02",-716
126,"2020-03",-2822
126,"2020-04",-2822
127,"2020-01",217
127,"2020-02",703
127,"2020-03",703
127,"2020-04",1672
128,"2020-01",410
128,"2020-02",144
128,"2020-03",-776
128,"2020-04",-202
129,"2020-01",466
129,"2020-02",-796
129,"2020-03",68
129,"2020-04",-2007
130,"2020-01",-248
130,"2020-02",-1160
130,"2020-03",132
130,"2020-04",132
131,"2020-01",480
131,"2020-02",-983
131,"2020-03",-152
131,"2020-04",-152
132,"2020-01",-1254
132,"2020-02",-2844
132,"2020-03",-5256
132,"2020-04",-5585
133,"2020-01",-356
133,"2020-02",-368
133,"2020-03",-368
133,"2020-04",-368
134,"2020-01",3194
134,"2020-02",2748
134,"2020-03",1768
134,"2020-04",1768
135,"2020-01",104
135,"2020-02",977
135,"2020-03",1001
135,"2020-04",1001
136,"2020-01",479
136,"2020-02",966
136,"2020-03",383
136,"2020-04",-133
137,"2020-01",396
137,"2020-02",-356
137,"2020-03",-356
137,"2020-04",-356
138,"2020-01",1316
138,"2020-02",320
138,"2020-03",75
138,"2020-04",-775
139,"2020-01",44
139,"2020-02",504
139,"2020-03",537
139,"2020-04",537
140,"2020-01",803
140,"2020-02",1526
140,"2020-03",2345
140,"2020-04",1495
141,"2020-01",-369
141,"2020-02",1483
141,"2020-03",2113
141,"2020-04",2538
142,"2020-01",1378
142,"2020-02",440
142,"2020-03",217
142,"2020-04",863
143,"2020-01",807
143,"2020-02",1625
143,"2020-03",26
143,"2020-04",-2457
144,"2020-01",-735
144,"2020-02",-3280
144,"2020-03",-3046
144,"2020-04",-4395
145,"2020-01",-3051
145,"2020-02",-1970
145,"2020-03",-4119
145,"2020-04",-4119
146,"2020-01",-807
146,"2020-02",-3267
146,"2020-03",-3781
146,"2020-04",-3717
147,"2020-01",600
147,"2020-02",1698
147,"2020-03",1698
147,"2020-04",1698
148,"2020-01",88
148,"2020-02",-2467
148,"2020-03",-2076
148,"2020-04",-2730
149,"2020-01",344
149,"2020-02",321
149,"2020-03",-202
149,"2020-04",-202
150,"2020-01",-600
150,"2020-02",-1512
150,"2020-03",-1604
150,"2020-04",-2429
151,"2020-01",1367
151,"2020-02",5
151,"2020-03",-887
151,"2020-04",-887
152,"2020-01",1831
152,"2020-02",1902
152,"2020-03",1984
152,"2020-04",1984
153,"2020-01",-1954
153,"2020-02",-776
153,"2020-03",-1695
153,"2020-04",-1695
154,"2020-01",-1392
154,"2020-02",-2340
154,"2020-03",-2104
154,"2020-04",-2555
155,"2020-01",-996
155,"2020-02",-2941
155,"2020-03",-3377
155,"2020-04",-4530
156,"2020-01",82
156,"2020-02",82
156,"2020-03",82
156,"2020-04",312
157,"2020-01",138
157,"2020-02",-611
157,"2020-03",2766
157,"2020-04",2766
158,"2020-01",56
158,"2020-02",-136
158,"2020-03",-1106
158,"2020-04",-1106
159,"2020-01",-301
159,"2020-02",-301
159,"2020-03",-301
159,"2020-04",-301
160,"2020-01",843
160,"2020-02",543
160,"2020-03",-69
160,"2020-04",-307
161,"2020-01",-1121
161,"2020-02",-961
161,"2020-03",-291
161,"2020-04",-291
162,"2020-01",123
162,"2020-02",784
162,"2020-03",784
162,"2020-04",784
163,"2020-01",-73
163,"2020-02",-328
163,"2020-03",-3116
163,"2020-04",-3055
164,"2020-01",548
164,"2020-02",957
164,"2020-03",957
164,"2020-04",957
165,"2020-01",-61
165,"2020-02",-1088
165,"2020-03",-3701
165,"2020-04",-3931
166,"2020-01",957
166,"2020-02",1546
166,"2020-03",1303
166,"2020-04",1783
167,"2020-01",51
167,"2020-02",574
167,"2020-03",-566
167,"2020-04",-748
168,"2020-01",114
168,"2020-02",-801
168,"2020-03",-801
168,"2020-04",-801
169,"2020-01",-569
169,"2020-02",-1190
169,"2020-03",9
169,"2020-04",906
170,"2020-01",-38
170,"2020-02",-373
170,"2020-03",-137
170,"2020-04",-850
171,"2020-01",-197
171,"2020-02",-1400
171,"2020-03",-1921
171,"2020-04",-911
172,"2020-01",-174
172,"2020-02",-174
172,"2020-03",-1038
172,"2020-04",-1038
173,"2020-01",1298
173,"2020-02",1398
173,"2020-03",912
173,"2020-04",121
174,"2020-01",1142
174,"2020-02",-98
174,"2020-03",-1135
174,"2020-04",644
175,"2020-01",-326
175,"2020-02",-755
175,"2020-03",-1822
175,"2020-04",-1549
176,"2020-01",655
176,"2020-02",605
176,"2020-03",-531
176,"2020-04",-1067
177,"2020-01",405
177,"2020-02",-156
177,"2020-03",800
177,"2020-04",-974
178,"2020-01",252
178,"2020-02",387
178,"2020-03",390
178,"2020-04",-1983
179,"2020-01",-1754
179,"2020-02",-3386
179,"2020-03",-7953
179,"2020-04",-7953
180,"2020-01",-838
180,"2020-02",-1808
180,"2020-03",-2804
180,"2020-04",-3175
181,"2020-01",-47
181,"2020-02",-843
181,"2020-03",-2640
181,"2020-04",-2640
182,"2020-01",97
182,"2020-02",-45
182,"2020-03",-843
182,"2020-04",-159
183,"2020-01",-540
183,"2020-02",-3729
183,"2020-03",-6083
183,"2020-04",-6560
184,"2020-01",472
184,"2020-02",-331
184,"2020-03",-2530
184,"2020-04",-3178
185,"2020-01",626
185,"2020-02",-11
185,"2020-03",-1001
185,"2020-04",-505
186,"2020-01",534
186,"2020-02",1345
186,"2020-03",1930
186,"2020-04",1284
187,"2020-01",-211
187,"2020-02",-1379
187,"2020-03",-3060
187,"2020-04",-2272
188,"2020-01",-184
188,"2020-02",1013
188,"2020-03",52
188,"2020-04",-475
189,"2020-01",-838
189,"2020-02",-2101
189,"2020-03",-4007
189,"2020-04",-4007
190,"2020-01",14
190,"2020-02",459
190,"2020-03",523
190,"2020-04",1178
191,"2020-01",1632
191,"2020-02",1306
191,"2020-03",1036
191,"2020-04",879
192,"2020-01",2526
192,"2020-02",-689
192,"2020-03",383
192,"2020-04",1139
193,"2020-01",689
193,"2020-02",689
193,"2020-03",486
193,"2020-04",486
194,"2020-01",137
194,"2020-02",-2211
194,"2020-03",178
194,"2020-04",-697
195,"2020-01",489
195,"2020-02",489
195,"2020-03",406
195,"2020-04",406
196,"2020-01",734
196,"2020-02",1295
196,"2020-03",1382
196,"2020-04",1382
197,"2020-01",-446
197,"2020-02",137
197,"2020-03",1023
197,"2020-04",3685
198,"2020-01",1144
198,"2020-02",288
198,"2020-03",-1253
198,"2020-04",-757
199,"2020-01",530
199,"2020-02",515
199,"2020-03",-14
199,"2020-04",-220
200,"2020-01",997
200,"2020-02",1356
200,"2020-03",2914
200,"2020-04",2853
201,"2020-01",-383
201,"2020-02",-292
201,"2020-03",1529
201,"2020-04",1529
202,"2020-01",-530
202,"2020-02",-916
202,"2020-03",-2415
202,"2020-04",-2415
203,"2020-01",2528
203,"2020-02",3471
203,"2020-03",3461
203,"2020-04",3437
204,"2020-01",749
204,"2020-02",1039
204,"2020-03",1587
204,"2020-04",1893
205,"2020-01",-82
205,"2020-02",1211
205,"2020-03",1067
205,"2020-04",1067
206,"2020-01",-215
206,"2020-02",-949
206,"2020-03",-4974
206,"2020-04",-5374
207,"2020-01",322
207,"2020-02",-1954
207,"2020-03",-2152
207,"2020-04",-1014
208,"2020-01",537
208,"2020-02",406
208,"2020-03",406
208,"2020-04",1361
209,"2020-01",-202
209,"2020-02",-766
209,"2020-03",-1266
209,"2020-04",-2351
210,"2020-01",60
210,"2020-02",-1361
210,"2020-03",-1309
210,"2020-04",-792
211,"2020-01",607
211,"2020-02",1839
211,"2020-03",257
211,"2020-04",-602
212,"2020-01",-336
212,"2020-02",481
212,"2020-03",3529
212,"2020-04",3529
213,"2020-01",-239
213,"2020-02",-1199
213,"2020-03",-1184
213,"2020-04",-1717
214,"2020-01",-445
214,"2020-02",-1511
214,"2020-03",83
214,"2020-04",802
215,"2020-01",822
215,"2020-02",1770
215,"2020-03",697
215,"2020-04",414
216,"2020-01",1619
216,"2020-02",3302
216,"2020-03",872
216,"2020-04",-110
217,"2020-01",870
217,"2020-02",1839
217,"2020-03",9
217,"2020-04",9
218,"2020-01",208
218,"2020-02",-1620
218,"2020-03",-465
218,"2020-04",1167
219,"2020-01",165
219,"2020-02",-845
219,"2020-03",1108
219,"2020-04",306
220,"2020-01",307
220,"2020-02",714
220,"2020-03",-29
220,"2020-04",-958
221,"2020-01",1384
221,"2020-02",1481
221,"2020-03",1055
221,"2020-04",1055
222,"2020-01",657
222,"2020-02",1997
222,"2020-03",1136
222,"2020-04",1532
223,"2020-01",396
223,"2020-02",-1100
223,"2020-03",-1723
223,"2020-04",-2435
224,"2020-01",487
224,"2020-02",-206
224,"2020-03",-1581
224,"2020-04",-1369
225,"2020-01",280
225,"2020-02",-89
225,"2020-03",297
225,"2020-04",297
226,"2020-01",-980
226,"2020-02",-586
226,"2020-03",-1855
226,"2020-04",-1430
227,"2020-01",-622
227,"2020-02",-1045
227,"2020-03",-2336
227,"2020-04",-3161
228,"2020-01",294
228,"2020-02",-253
228,"2020-03",-1724
228,"2020-04",-1724
229,"2020-01",621
229,"2020-02",1618
229,"2020-03",703
229,"2020-04",703
230,"2020-01",499
230,"2020-02",990
230,"2020-03",2428
230,"2020-04",2356
231,"2020-01",-236
231,"2020-02",-534
231,"2020-03",-2010
231,"2020-04",-2475
232,"2020-01",1418
232,"2020-02",864
232,"2020-03",923
232,"2020-04",923
233,"2020-01",1795
233,"2020-02",2910
233,"2020-03",3742
233,"2020-04",3742
234,"2020-01",-200
234,"2020-02",322
234,"2020-03",-2276
234,"2020-04",-2276
235,"2020-01",-1963
235,"2020-02",-476
235,"2020-03",24
235,"2020-04",24
236,"2020-01",356
236,"2020-02",1059
236,"2020-03",924
236,"2020-04",-100
237,"2020-01",-174
237,"2020-02",136
237,"2020-03",1567
237,"2020-04",812
238,"2020-01",802
238,"2020-02",1270
238,"2020-03",1270
238,"2020-04",-479
239,"2020-01",-10
239,"2020-02",706
239,"2020-03",574
239,"2020-04",1871
240,"2020-01",1108
240,"2020-02",754
240,"2020-03",3200
240,"2020-04",3075
241,"2020-01",20
241,"2020-02",20
241,"2020-03",20
241,"2020-04",20
242,"2020-01",1143
242,"2020-02",-462
242,"2020-03",-1891
242,"2020-04",-3334
243,"2020-01",-368
243,"2020-02",-368
243,"2020-03",979
243,"2020-04",979
244,"2020-01",728
244,"2020-02",1752
244,"2020-03",1930
244,"2020-04",877
245,"2020-01",76
245,"2020-02",-341
245,"2020-03",-1791
245,"2020-04",-1021
246,"2020-01",506
246,"2020-02",584
246,"2020-03",277
246,"2020-04",-2132
247,"2020-01",983
247,"2020-02",577
247,"2020-03",297
247,"2020-04",297
248,"2020-01",304
248,"2020-02",667
248,"2020-03",955
248,"2020-04",1188
249,"2020-01",336
249,"2020-02",336
249,"2020-03",1065
249,"2020-04",895
250,"2020-01",149
250,"2020-02",0
250,"2020-03",177
250,"2020-04",-1555
251,"2020-01",1276
251,"2020-02",-924
251,"2020-03",-1230
251,"2020-04",-1883
252,"2020-01",289
252,"2020-02",289
252,"2020-03",289
252,"2020-04",133
253,"2020-01",-578
253,"2020-02",-577
253,"2020-03",-457
253,"2020-04",-484
254,"2020-01",36
254,"2020-02",-2883
254,"2020-03",-590
254,"2020-04",-590
255,"2020-01",253
255,"2020-02",129
255,"2020-03",-548
255,"2020-04",-548
256,"2020-01",1743
256,"2020-02",906
256,"2020-03",1152
256,"2020-04",1094
257,"2020-01",414
257,"2020-02",-1609
257,"2020-03",-472
257,"2020-04",-976
258,"2020-01",590
258,"2020-02",-1076
258,"2020-03",-2893
258,"2020-04",-1465
259,"2020-01",928
259,"2020-02",-267
259,"2020-03",-1458
259,"2020-04",-1458
260,"2020-01",1865
260,"2020-02",1865
260,"2020-03",1909
260,"2020-04",1909
261,"2020-01",746
261,"2020-02",1408
261,"2020-03",-329
261,"2020-04",-31
262,"2020-01",-1070
262,"2020-02",-2599
262,"2020-03",-2372
262,"2020-04",-2372
263,"2020-01",312
263,"2020-02",112
263,"2020-03",112
263,"2020-04",770
264,"2020-01",770
264,"2020-02",1545
264,"2020-03",2088
264,"2020-04",1295
265,"2020-01",-25
265,"2020-02",-1481
265,"2020-03",-2592
265,"2020-04",-1948
266,"2020-01",651
266,"2020-02",1455
266,"2020-03",787
266,"2020-04",1138
267,"2020-01",-193
267,"2020-02",-2068
267,"2020-03",-5236
267,"2020-04",-2442
268,"2020-01",1699
268,"2020-02",123
268,"2020-03",270
268,"2020-04",-218
269,"2020-01",-2665
269,"2020-02",-3985
269,"2020-03",-2470
269,"2020-04",-1864
270,"2020-01",1395
270,"2020-02",961
270,"2020-03",599
270,"2020-04",-442
271,"2020-01",-1586
271,"2020-02",272
271,"2020-03",-616
271,"2020-04",180
272,"2020-01",-228
272,"2020-02",-1673
272,"2020-03",-1673
272,"2020-04",-1769
273,"2020-01",876
273,"2020-02",133
273,"2020-03",-178
273,"2020-04",308
274,"2020-01",-780
274,"2020-02",-582
274,"2020-03",124
274,"2020-04",124
275,"2020-01",211
275,"2020-02",-1325
275,"2020-03",-2973
275,"2020-04",-3169
276,"2020-01",-851
276,"2020-02",-796
276,"2020-03",-1944
276,"2020-04",-1944
277,"2020-01",615
277,"2020-02",1411
277,"2020-03",1865
277,"2020-04",1865
278,"2020-01",1309
278,"2020-02",1723
278,"2020-03",2026
278,"2020-04",3554
279,"2020-01",1895
279,"2020-02",3641
279,"2020-03",4183
279,"2020-04",4103
280,"2020-01",-87
280,"2020-02",-185
280,"2020-03",-373
280,"2020-04",-373
281,"2020-01",220
281,"2020-02",1055
281,"2020-03",2192
281,"2020-04",3004
282,"2020-01",74
282,"2020-02",-713
282,"2020-03",-1661
282,"2020-04",-1311
283,"2020-01",-1201
283,"2020-02",-2818
283,"2020-03",-5721
283,"2020-04",-7145
284,"2020-01",257
284,"2020-02",-2602
284,"2020-03",-2826
284,"2020-04",-3379
285,"2020-01",360
285,"2020-02",1358
285,"2020-03",1965
285,"2020-04",1965
286,"2020-01",177
286,"2020-02",171
286,"2020-03",171
286,"2020-04",171
287,"2020-01",658
287,"2020-02",829
287,"2020-03",886
287,"2020-04",-406
288,"2020-01",778
288,"2020-02",-867
288,"2020-03",-515
288,"2020-04",-515
289,"2020-01",838
289,"2020-02",-207
289,"2020-03",-934
289,"2020-04",-1059
290,"2020-01",785
290,"2020-02",1139
290,"2020-03",2061
290,"2020-04",21
291,"2020-01",930
291,"2020-02",930
291,"2020-03",930
291,"2020-04",531
292,"2020-01",-3458
292,"2020-02",-4646
292,"2020-03",-4760
292,"2020-04",-4760
293,"2020-01",-383
293,"2020-02",-1452
293,"2020-03",-1770
293,"2020-04",-2500
294,"2020-01",307
294,"2020-02",1557
294,"2020-03",707
294,"2020-04",707
295,"2020-01",636
295,"2020-02",496
295,"2020-03",1430
295,"2020-04",-177
296,"2020-01",191
296,"2020-02",1152
296,"2020-03",1309
296,"2020-04",2220
297,"2020-01",550
297,"2020-02",585
297,"2020-03",1004
297,"2020-04",1282
298,"2020-01",278
298,"2020-02",-580
298,"2020-03",767
298,"2020-04",1489
299,"2020-01",961
299,"2020-02",1246
299,"2020-03",70
299,"2020-04",70
300,"2020-01",672
300,"2020-02",-949
300,"2020-03",-2374
300,"2020-04",-3179
301,"2020-01",-906
301,"2020-02",-1977
301,"2020-03",-3636
301,"2020-04",-3529
302,"2020-01",-1499
302,"2020-02",-2077
302,"2020-03",-2410
302,"2020-04",-1795
303,"2020-01",332
303,"2020-02",465
303,"2020-03",-629
303,"2020-04",-660
304,"2020-01",152
304,"2020-02",-1360
304,"2020-03",-2420
304,"2020-04",-2047
305,"2020-01",20
305,"2020-02",189
305,"2020-03",-56
305,"2020-04",-56
306,"2020-01",402
306,"2020-02",402
306,"2020-03",0
306,"2020-04",1565
307,"2020-01",-696
307,"2020-02",750
307,"2020-03",525
307,"2020-04",62
308,"2020-01",-561
308,"2020-02",316
308,"2020-03",710
308,"2020-04",971
309,"2020-01",-363
309,"2020-02",-2404
309,"2020-03",-1813
309,"2020-04",-960
310,"2020-01",860
310,"2020-02",156
310,"2020-03",3066
310,"2020-04",3066
311,"2020-01",310
311,"2020-02",1006
311,"2020-03",-955
311,"2020-04",-1055
312,"2020-01",485
312,"2020-02",656
312,"2020-03",-1065
312,"2020-04",-2318
313,"2020-01",901
313,"2020-02",972
313,"2020-03",-1311
313,"2020-04",-34
314,"2020-01",448
314,"2020-02",-633
314,"2020-03",91
314,"2020-04",-249
315,"2020-01",1295
315,"2020-02",1349
315,"2020-03",2287
315,"2020-04",2287
316,"2020-01",184
316,"2020-02",-2483
316,"2020-03",-3299
316,"2020-04",-3299
317,"2020-01",869
317,"2020-02",1232
317,"2020-03",1232
317,"2020-04",995
318,"2020-01",321
318,"2020-02",-342
318,"2020-03",-1648
318,"2020-04",-1648
319,"2020-01",83
319,"2020-02",-703
319,"2020-03",-488
319,"2020-04",-488
320,"2020-01",2426
320,"2020-02",1909
320,"2020-03",2239
320,"2020-04",2851
321,"2020-01",243
321,"2020-02",-213
321,"2020-03",-213
321,"2020-04",572
322,"2020-01",1949
322,"2020-02",2471
322,"2020-03",1811
322,"2020-04",1811
323,"2020-01",1323
323,"2020-02",-1880
323,"2020-03",-4196
323,"2020-04",-5221
324,"2020-01",203
324,"2020-02",967
324,"2020-03",1470
324,"2020-04",1470
325,"2020-01",60
325,"2020-02",-1878
325,"2020-03",-1862
325,"2020-04",-1862
326,"2020-01",-211
326,"2020-02",417
326,"2020-03",417
326,"2020-04",417
327,"2020-01",919
327,"2020-02",919
327,"2020-03",-164
327,"2020-04",-164
328,"2020-01",-1232
328,"2020-02",-3426
328,"2020-03",-4703
328,"2020-04",-4559
329,"2020-01",831
329,"2020-02",2
329,"2020-03",-626
329,"2020-04",736
330,"2020-01",826
330,"2020-02",1099
330,"2020-03",-666
330,"2020-04",-1474
331,"2020-01",-54
331,"2020-02",-173
331,"2020-03",-949
331,"2020-04",-949
332,"2020-01",202
332,"2020-02",559
332,"2020-03",494
332,"2020-04",670
333,"2020-01",-229
333,"2020-02",-127
333,"2020-03",567
333,"2020-04",920
334,"2020-01",1177
334,"2020-02",2724
334,"2020-03",2425
334,"2020-04",1614
335,"2020-01",570
335,"2020-02",-354
335,"2020-03",423
335,"2020-04",423
336,"2020-01",543
336,"2020-02",-595
336,"2020-03",135
336,"2020-04",599
337,"2020-01",-264
337,"2020-02",170
337,"2020-03",1450
337,"2020-04",1314
338,"2020-01",262
338,"2020-02",533
338,"2020-03",2767
338,"2020-04",1264
339,"2020-01",-780
339,"2020-02",1088
339,"2020-03",625
339,"2020-04",625
340,"2020-01",-1086
340,"2020-02",276
340,"2020-03",559
340,"2020-04",1390
341,"2020-01",345
341,"2020-02",-873
341,"2020-03",-2133
341,"2020-04",-2094
342,"2020-01",347
342,"2020-02",-285
342,"2020-03",503
342,"2020-04",-135
343,"2020-01",1339
343,"2020-02",1653
343,"2020-03",1841
343,"2020-04",1841
344,"2020-01",-932
344,"2020-02",505
344,"2020-03",1475
344,"2020-04",1475
345,"2020-01",-100
345,"2020-02",-650
345,"2020-03",-2288
345,"2020-04",-2288
346,"2020-01",916
346,"2020-02",-1052
346,"2020-03",-1052
346,"2020-04",-3802
347,"2020-01",394
347,"2020-02",-775
347,"2020-03",-1768
347,"2020-04",-1768
348,"2020-01",-771
348,"2020-02",114
348,"2020-03",-155
348,"2020-04",48
349,"2020-01",-844
349,"2020-02",-1040
349,"2020-03",1309
349,"2020-04",1964
350,"2020-01",2200
350,"2020-02",1080
350,"2020-03",-174
350,"2020-04",-1233
351,"2020-01",90
351,"2020-02",-1533
351,"2020-03",-1860
351,"2020-04",-1860
352,"2020-01",416
352,"2020-02",-1612
352,"2020-03",-1774
352,"2020-04",-2269
353,"2020-01",-555
353,"2020-02",-1819
353,"2020-03",-516
353,"2020-04",-516
354,"2020-01",822
354,"2020-02",822
354,"2020-03",158
354,"2020-04",158
355,"2020-01",-245
355,"2020-02",-194
355,"2020-03",-1137
355,"2020-04",-852
356,"2020-01",-1870
356,"2020-02",-3929
356,"2020-03",-6518
356,"2020-04",-6882
357,"2020-01",780
357,"2020-02",878
357,"2020-03",496
357,"2020-04",-188
358,"2020-01",-1062
358,"2020-02",-619
358,"2020-03",-883
358,"2020-04",-708
359,"2020-01",890
359,"2020-02",1284
359,"2020-03",3159
359,"2020-04",2878
360,"2020-01",-1306
360,"2020-02",-427
360,"2020-03",-1255
360,"2020-04",-324
361,"2020-01",340
361,"2020-02",772
361,"2020-03",772
361,"2020-04",772
362,"2020-01",416
362,"2020-02",481
362,"2020-03",-564
362,"2020-04",615
363,"2020-01",977
363,"2020-02",-618
363,"2020-03",-3065
363,"2020-04",-2886
364,"2020-01",-57
364,"2020-02",-456
364,"2020-03",1173
364,"2020-04",811
365,"2020-01",-68
365,"2020-02",244
365,"2020-03",-75
365,"2020-04",-760
366,"2020-01",-51
366,"2020-02",-93
366,"2020-03",-1305
366,"2020-04",-1096
367,"2020-01",239
367,"2020-02",-467
367,"2020-03",-3101
367,"2020-04",-1697
368,"2020-01",-526
368,"2020-02",-3490
368,"2020-03",-1476
368,"2020-04",-2860
369,"2020-01",266
369,"2020-02",266
369,"2020-03",1679
369,"2020-04",1679
370,"2020-01",-2295
370,"2020-02",-1635
370,"2020-03",-1311
370,"2020-04",-1496
371,"2020-01",-134
371,"2020-02",-154
371,"2020-03",-5
371,"2020-04",-1243
372,"2020-01",2718
372,"2020-02",1241
372,"2020-03",-1625
372,"2020-04",-1625
373,"2020-01",493
373,"2020-02",277
373,"2020-03",1057
373,"2020-04",1451
374,"2020-01",-457
374,"2020-02",-1292
374,"2020-03",-846
374,"2020-04",-846
375,"2020-01",647
375,"2020-02",328
375,"2020-03",-440
375,"2020-04",-1291
376,"2020-01",1614
376,"2020-02",2515
376,"2020-03",3062
376,"2020-04",3062
377,"2020-01",252
377,"2020-02",-182
377,"2020-03",-182
377,"2020-04",-785
378,"2020-01",484
378,"2020-02",2424
378,"2020-03",1590
378,"2020-04",1590
379,"2020-01",-35
379,"2020-02",-268
379,"2020-03",-268
379,"2020-04",-1206
380,"2020-01",-849
380,"2020-02",-1481
380,"2020-03",-3662
380,"2020-04",-3662
381,"2020-01",66
381,"2020-02",992
381,"2020-03",278
381,"2020-04",-597
382,"2020-01",-687
382,"2020-02",-1195
382,"2020-03",-1141
382,"2020-04",-1141
383,"2020-01",-36
383,"2020-02",935
383,"2020-03",-617
383,"2020-04",913
384,"2020-01",-10
384,"2020-02",-2486
384,"2020-03",-2527
384,"2020-04",-2527
385,"2020-01",-1174
385,"2020-02",-1174
385,"2020-03",-4693
385,"2020-04",-4861
386,"2020-01",1108
386,"2020-02",759
386,"2020-03",-766
386,"2020-04",-3837
387,"2020-01",1069
387,"2020-02",1069
387,"2020-03",2551
387,"2020-04",2454
388,"2020-01",2243
388,"2020-02",1126
388,"2020-03",1598
388,"2020-04",1376
389,"2020-01",-27
389,"2020-02",490
389,"2020-03",1214
389,"2020-04",2005
390,"2020-01",-705
390,"2020-02",-2038
390,"2020-03",-1929
390,"2020-04",-2801
391,"2020-01",603
391,"2020-02",2
391,"2020-03",272
391,"2020-04",-90
392,"2020-01",816
392,"2020-02",2034
392,"2020-03",1498
392,"2020-04",1253
393,"2020-01",659
393,"2020-02",118
393,"2020-03",1500
393,"2020-04",639
394,"2020-01",3268
394,"2020-02",2644
394,"2020-03",1420
394,"2020-04",1420
395,"2020-01",-1782
395,"2020-02",-914
395,"2020-03",-903
395,"2020-04",-1723
396,"2020-01",-909
396,"2020-02",-550
396,"2020-03",-2848
396,"2020-04",-2848
397,"2020-01",973
397,"2020-02",1106
397,"2020-03",1709
397,"2020-04",1709
398,"2020-01",-429
398,"2020-02",-3171
398,"2020-03",-3401
398,"2020-04",-3401
399,"2020-01",593
399,"2020-02",-301
399,"2020-03",-1488
399,"2020-04",-1717
400,"2020-01",155
400,"2020-02",-409
400,"2020-03",-409
400,"2020-04",1338
401,"2020-01",102
401,"2020-02",-25
401,"2020-03",83
401,"2020-04",83
402,"2020-01",1478
402,"2020-02",1599
402,"2020-03",796
402,"2020-04",796
403,"2020-01",303
403,"2020-02",303
403,"2020-03",987
403,"2020-04",1047
404,"2020-01",-245
404,"2020-02",-347
404,"2020-03",-2484
404,"2020-04",-2484
405,"2020-01",-2897
405,"2020-02",-4125
405,"2020-03",-6882
405,"2020-04",-7070
406,"2020-01",795
406,"2020-02",1131
406,"2020-03",2597
406,"2020-04",2279
407,"2020-01",7
407,"2020-02",46
407,"2020-03",-900
407,"2020-04",-3275
408,"2020-01",-145
408,"2020-02",-145
408,"2020-03",800
408,"2020-04",-132
409,"2020-01",155
409,"2020-02",1371
409,"2020-03",2455
409,"2020-04",2623
410,"2020-01",1025
410,"2020-02",199
410,"2020-03",-52
410,"2020-04",-52
411,"2020-01",551
411,"2020-02",551
411,"2020-03",551
411,"2020-04",-981
412,"2020-01",722
412,"2020-02",608
412,"2020-03",608
412,"2020-04",608
413,"2020-01",642
413,"2020-02",1072
413,"2020-03",1072
413,"2020-04",801
414,"2020-01",439
414,"2020-02",439
414,"2020-03",1918
414,"2020-04",1918
415,"2020-01",331
415,"2020-02",-586
415,"2020-03",-4287
415,"2020-04",-4287
416,"2020-01",756
416,"2020-02",1715
416,"2020-03",3324
416,"2020-04",3898
417,"2020-01",707
417,"2020-02",-1079
417,"2020-03",-1540
417,"2020-04",-1847
418,"2020-01",-499
418,"2020-02",-996
418,"2020-03",-1624
418,"2020-04",-1828
419,"2020-01",1193
419,"2020-02",123
419,"2020-03",-1280
419,"2020-04",-1280
420,"2020-01",-280
420,"2020-02",-2117
420,"2020-03",-2457
420,"2020-04",-2078
421,"2020-01",-741
421,"2020-02",-571
421,"2020-03",-413
421,"2020-04",312
422,"2020-01",356
422,"2020-02",-1661
422,"2020-03",-1046
422,"2020-04",-3357
423,"2020-01",361
423,"2020-02",-262
423,"2020-03",1321
423,"2020-04",1321
424,"2020-01",-595
424,"2020-02",-648
424,"2020-03",-940
424,"2020-04",-314
425,"2020-01",63
425,"2020-02",-505
425,"2020-03",57
425,"2020-04",-721
426,"2020-01",-880
426,"2020-02",-3802
426,"2020-03",-4352
426,"2020-04",-5352
427,"2020-01",588
427,"2020-02",1305
427,"2020-03",676
427,"2020-04",-316
428,"2020-01",280
428,"2020-02",687
428,"2020-03",1217
428,"2020-04",1217
429,"2020-01",82
429,"2020-02",473
429,"2020-03",-46
429,"2020-04",-901
430,"2020-01",-8
430,"2020-02",403
430,"2020-03",-1326
430,"2020-04",-1326
431,"2020-01",-400
431,"2020-02",-1139
431,"2020-03",-1139
431,"2020-04",-1139
432,"2020-01",392
432,"2020-02",986
432,"2020-03",963
432,"2020-04",2435
433,"2020-01",883
433,"2020-02",1286
433,"2020-03",660
433,"2020-04",660
434,"2020-01",1123
434,"2020-02",-117
434,"2020-03",-2366
434,"2020-04",-1815
435,"2020-01",-1329
435,"2020-02",-38
435,"2020-03",-1176
435,"2020-04",-1176
436,"2020-01",917
436,"2020-02",886
436,"2020-03",-676
436,"2020-04",-676
437,"2020-01",-361
437,"2020-02",-1537
437,"2020-03",-1318
437,"2020-04",-1134
438,"2020-01",1317
438,"2020-02",2813
438,"2020-03",1423
438,"2020-04",1423
439,"2020-01",430
439,"2020-02",430
439,"2020-03",-381
439,"2020-04",318
440,"2020-01",-123
440,"2020-02",146
440,"2020-03",490
440,"2020-04",490
441,"2020-01",-329
441,"2020-02",745
441,"2020-03",-669
441,"2020-04",-798
442,"2020-01",142
442,"2020-02",-2898
442,"2020-03",-4520
442,"2020-04",-5499
443,"2020-01",760
443,"2020-02",710
443,"2020-03",-359
443,"2020-04",-11
444,"2020-01",83
444,"2020-02",-1178
444,"2020-03",-499
444,"2020-04",-820
445,"2020-01",1364
445,"2020-02",894
445,"2020-03",724
445,"2020-04",312
446,"2020-01",412
446,"2020-02",412
446,"2020-03",-53
446,"2020-04",405
447,"2020-01",1195
447,"2020-02",41
447,"2020-03",-1290
447,"2020-04",-1290
448,"2020-01",1360
448,"2020-02",-909
448,"2020-03",-2042
448,"2020-04",-2418
449,"2020-01",-3100
449,"2020-02",-3928
449,"2020-03",-3045
449,"2020-04",-3045
450,"2020-01",469
450,"2020-02",-159
450,"2020-03",-737
450,"2020-04",-36
451,"2020-01",910
451,"2020-02",-1313
451,"2020-03",-645
451,"2020-04",-756
452,"2020-01",1360
452,"2020-02",1654
452,"2020-03",1613
452,"2020-04",1613
453,"2020-01",638
453,"2020-02",811
453,"2020-03",-595
453,"2020-04",117
454,"2020-01",11
454,"2020-02",2163
454,"2020-03",2101
454,"2020-04",2101
455,"2020-01",329
455,"2020-02",329
455,"2020-03",-231
455,"2020-04",-231
456,"2020-01",1314
456,"2020-02",744
456,"2020-03",-55
456,"2020-04",12
457,"2020-01",195
457,"2020-02",-234
457,"2020-03",-714
457,"2020-04",-718
458,"2020-01",715
458,"2020-02",-653
458,"2020-03",-653
458,"2020-04",-653
459,"2020-01",246
459,"2020-02",-2912
459,"2020-03",-2834
459,"2020-04",-2834
460,"2020-01",80
460,"2020-02",-1158
460,"2020-03",-1175
460,"2020-04",-327
461,"2020-01",2267
461,"2020-02",3431
461,"2020-03",3212
461,"2020-04",3212
462,"2020-01",907
462,"2020-02",-10
462,"2020-03",-831
462,"2020-04",-1395
463,"2020-01",1166
463,"2020-02",312
463,"2020-03",673
463,"2020-04",280
464,"2020-01",953
464,"2020-02",953
464,"2020-03",-511
464,"2020-04",-1494
465,"2020-01",955
465,"2020-02",1989
465,"2020-03",1506
465,"2020-04",1350
466,"2020-01",80
466,"2020-02",-1979
466,"2020-03",-2113
466,"2020-04",-2113
467,"2020-01",1994
467,"2020-02",3582
467,"2020-03",2754
467,"2020-04",1190
468,"2020-01",39
468,"2020-02",-155
468,"2020-03",-917
468,"2020-04",-917
469,"2020-01",386
469,"2020-02",2161
469,"2020-03",-802
469,"2020-04",-1537
470,"2020-01",377
470,"2020-02",-311
470,"2020-03",-311
470,"2020-04",-311
471,"2020-01",781
471,"2020-02",781
471,"2020-03",1238
471,"2020-04",1887
472,"2020-01",811
472,"2020-02",-115
472,"2020-03",32
472,"2020-04",218
473,"2020-01",-183
473,"2020-02",-864
473,"2020-03",-3630
473,"2020-04",-5772
474,"2020-01",928
474,"2020-02",139
474,"2020-03",-259
474,"2020-04",-259
475,"2020-01",-673
475,"2020-02",-1966
475,"2020-03",-5073
475,"2020-04",-5073
476,"2020-01",-476
476,"2020-02",-2003
476,"2020-03",-3365
476,"2020-04",-4972
477,"2020-01",-3034
477,"2020-02",-4592
477,"2020-03",-6538
477,"2020-04",-6538
478,"2020-01",-712
478,"2020-02",2278
478,"2020-03",2087
478,"2020-04",2087
479,"2020-01",320
479,"2020-02",-327
479,"2020-03",513
479,"2020-04",513
480,"2020-01",522
480,"2020-02",522
480,"2020-03",-235
480,"2020-04",-165
481,"2020-01",-1396
481,"2020-02",-2905
481,"2020-03",-3394
481,"2020-04",-3394
482,"2020-01",386
482,"2020-02",-687
482,"2020-03",-1256
482,"2020-04",-1256
483,"2020-01",2038
483,"2020-02",2038
483,"2020-03",-189
483,"2020-04",1330
484,"2020-01",871
484,"2020-02",871
484,"2020-03",1796
484,"2020-04",1796
485,"2020-01",16
485,"2020-02",1507
485,"2020-03",2202
485,"2020-04",2202
486,"2020-01",-1632
486,"2020-02",-2250
486,"2020-03",-3108
486,"2020-04",-3108
487,"2020-01",-572
487,"2020-02",312
487,"2020-03",162
487,"2020-04",-330
488,"2020-01",-243
488,"2020-02",297
488,"2020-03",-412
488,"2020-04",-191
489,"2020-01",556
489,"2020-02",1808
489,"2020-03",3342
489,"2020-04",5338
490,"2020-01",271
490,"2020-02",342
490,"2020-03",342
490,"2020-04",24
491,"2020-01",-3
491,"2020-02",298
491,"2020-03",-2319
491,"2020-04",-2319
492,"2020-01",-738
492,"2020-02",-1399
492,"2020-03",-2133
492,"2020-04",-2133
493,"2020-01",845
493,"2020-02",-824
493,"2020-03",-824
493,"2020-04",-738
494,"2020-01",529
494,"2020-02",909
494,"2020-03",1447
494,"2020-04",1447
495,"2020-01",-286
495,"2020-02",-1438
495,"2020-03",-89
495,"2020-04",-89
496,"2020-01",47
496,"2020-02",-3076
496,"2020-03",-2426
496,"2020-04",-2426
497,"2020-01",754
497,"2020-02",1003
497,"2020-03",1739
497,"2020-04",2680
498,"2020-01",1360
498,"2020-02",2195
498,"2020-03",2989
498,"2020-04",3488
499,"2020-01",-304
499,"2020-02",1415
499,"2020-03",599
499,"2020-04",599
500,"2020-01",1594
500,"2020-02",2981
500,"2020-03",2251
500,"2020-04",2251
